,KABKOT,month,year,longitude,latitude,pm2p5,time
0,JAKARTA BARAT,1,2020,106.74999999999996,-6.158333333333336,39.20152927605587,2020-01-01
3,JAKARTA BARAT,2,2020,106.74999999999996,-6.158333333333336,38.27991187637577,2020-02-01
6,JAKARTA BARAT,3,2020,106.74999999999996,-6.158333333333336,46.58930561735639,2020-03-01
9,JAKARTA BARAT,4,2020,106.74999999999996,-6.158333333333336,50.98097483625765,2020-04-01
12,JAKARTA BARAT,5,2020,106.74999999999996,-6.158333333333336,55.66893495906938,2020-05-01
15,JAKARTA BARAT,6,2020,106.74999999999996,-6.158333333333336,59.31703106969948,2020-06-01
18,JAKARTA BARAT,7,2020,106.74999999999996,-6.158333333333336,61.03202390879893,2020-07-01
21,JAKARTA BARAT,8,2020,106.74999999999996,-6.158333333333336,57.81892100900351,2020-08-01
24,JAKARTA BARAT,9,2020,106.74999999999996,-6.158333333333336,54.83256731232527,2020-09-01
27,JAKARTA BARAT,10,2020,106.74999999999996,-6.158333333333336,57.304864392469646,2020-10-01
30,JAKARTA BARAT,11,2020,106.74999999999996,-6.158333333333336,49.37169645163248,2020-11-01
33,JAKARTA BARAT,12,2020,106.74999999999996,-6.158333333333336,30.06870850912783,2020-12-01
36,JAKARTA PUSAT,1,2020,106.84999999999997,-6.200000000000003,40.53318801193021,2020-01-01
39,JAKARTA PUSAT,2,2020,106.84999999999997,-6.200000000000003,39.45407074231398,2020-02-01
42,JAKARTA PUSAT,3,2020,106.84999999999997,-6.200000000000003,48.19747786655195,2020-03-01
45,JAKARTA PUSAT,4,2020,106.84999999999997,-6.200000000000003,52.43751689458093,2020-04-01
48,JAKARTA PUSAT,5,2020,106.84999999999997,-6.200000000000003,56.94716226874716,2020-05-01
51,JAKARTA PUSAT,6,2020,106.84999999999997,-6.200000000000003,60.173134267909326,2020-06-01
54,JAKARTA PUSAT,7,2020,106.84999999999997,-6.200000000000003,61.47864108167415,2020-07-01
57,JAKARTA PUSAT,8,2020,106.84999999999997,-6.200000000000003,58.03431146015833,2020-08-01
60,JAKARTA PUSAT,9,2020,106.84999999999997,-6.200000000000003,55.11527509346194,2020-09-01
63,JAKARTA PUSAT,10,2020,106.84999999999997,-6.200000000000003,57.814672646354666,2020-10-01
66,JAKARTA PUSAT,11,2020,106.84999999999997,-6.200000000000003,50.52768560887037,2020-11-01
69,JAKARTA PUSAT,12,2020,106.84999999999997,-6.200000000000003,31.601573763732056,2020-12-01
72,JAKARTA SELATAN,1,2020,106.8083333333333,-6.283333333333336,42.21472247076552,2020-01-01
75,JAKARTA SELATAN,2,2020,106.8083333333333,-6.283333333333336,41.41027711845884,2020-02-01
78,JAKARTA SELATAN,3,2020,106.8083333333333,-6.283333333333336,50.405126906917324,2020-03-01
81,JAKARTA SELATAN,4,2020,106.8083333333333,-6.283333333333336,55.20834781928383,2020-04-01
84,JAKARTA SELATAN,5,2020,106.8083333333333,-6.283333333333336,60.42035108776352,2020-05-01
87,JAKARTA SELATAN,6,2020,106.8083333333333,-6.283333333333336,63.97635788049397,2020-06-01
90,JAKARTA SELATAN,7,2020,106.8083333333333,-6.283333333333336,65.29303786528912,2020-07-01
93,JAKARTA SELATAN,8,2020,106.8083333333333,-6.283333333333336,61.74752201894222,2020-08-01
96,JAKARTA SELATAN,9,2020,106.8083333333333,-6.283333333333336,57.52768183548539,2020-09-01
99,JAKARTA SELATAN,10,2020,106.8083333333333,-6.283333333333336,59.642838601270746,2020-10-01
102,JAKARTA SELATAN,11,2020,106.8083333333333,-6.283333333333336,52.706075518808575,2020-11-01
105,JAKARTA SELATAN,12,2020,106.8083333333333,-6.283333333333336,31.99500141770568,2020-12-01
108,JAKARTA TIMUR,1,2020,106.90999999999997,-6.2600000000000025,41.579220385538505,2020-01-01
111,JAKARTA TIMUR,2,2020,106.90999999999997,-6.2600000000000025,40.46950348997808,2020-02-01
114,JAKARTA TIMUR,3,2020,106.90999999999997,-6.2600000000000025,49.372238720479984,2020-03-01
117,JAKARTA TIMUR,4,2020,106.90999999999997,-6.2600000000000025,53.6181433640578,2020-04-01
120,JAKARTA TIMUR,5,2020,106.90999999999997,-6.2600000000000025,58.010812755546056,2020-05-01
123,JAKARTA TIMUR,6,2020,106.90999999999997,-6.2600000000000025,61.02731507221988,2020-06-01
126,JAKARTA TIMUR,7,2020,106.90999999999997,-6.2600000000000025,61.92024187849306,2020-07-01
129,JAKARTA TIMUR,8,2020,106.90999999999997,-6.2600000000000025,58.31424852923929,2020-08-01
132,JAKARTA TIMUR,9,2020,106.90999999999997,-6.2600000000000025,55.02037371515058,2020-09-01
135,JAKARTA TIMUR,10,2020,106.90999999999997,-6.2600000000000025,57.64825044322519,2020-10-01
138,JAKARTA TIMUR,11,2020,106.90999999999997,-6.2600000000000025,51.17854631286934,2020-11-01
141,JAKARTA TIMUR,12,2020,106.90999999999997,-6.2600000000000025,32.664590521905744,2020-12-01
144,JAKARTA UTARA,1,2020,106.89166666666664,-6.1250000000000036,38.32307863740598,2020-01-01
147,JAKARTA UTARA,2,2020,106.89166666666664,-6.1250000000000036,37.073960638246795,2020-02-01
150,JAKARTA UTARA,3,2020,106.89166666666664,-6.1250000000000036,45.2564232962992,2020-03-01
153,JAKARTA UTARA,4,2020,106.89166666666664,-6.1250000000000036,48.983905946740286,2020-04-01
156,JAKARTA UTARA,5,2020,106.89166666666664,-6.1250000000000036,52.75324183805449,2020-05-01
159,JAKARTA UTARA,6,2020,106.89166666666664,-6.1250000000000036,55.71104188343747,2020-06-01
162,JAKARTA UTARA,7,2020,106.89166666666664,-6.1250000000000036,56.96859201660035,2020-07-01
165,JAKARTA UTARA,8,2020,106.89166666666664,-6.1250000000000036,53.65254950441513,2020-08-01
168,JAKARTA UTARA,9,2020,106.89166666666664,-6.1250000000000036,51.78959357563363,2020-09-01
171,JAKARTA UTARA,10,2020,106.89166666666664,-6.1250000000000036,54.99491000075409,2020-10-01
174,JAKARTA UTARA,11,2020,106.89166666666664,-6.1250000000000036,47.54436196642456,2020-11-01
177,JAKARTA UTARA,12,2020,106.89166666666664,-6.1250000000000036,30.78800309857425,2020-12-01
1,JAKARTA BARAT,1,2021,106.74999999999996,-6.158333333333336,38.77022049872058,2021-01-01
4,JAKARTA BARAT,2,2021,106.74999999999996,-6.158333333333336,36.97789151521925,2021-02-01
7,JAKARTA BARAT,3,2021,106.74999999999996,-6.158333333333336,46.07152420849646,2021-03-01
10,JAKARTA BARAT,4,2021,106.74999999999996,-6.158333333333336,59.90305018342807,2021-04-01
13,JAKARTA BARAT,5,2021,106.74999999999996,-6.158333333333336,64.21186325766837,2021-05-01
16,JAKARTA BARAT,6,2021,106.74999999999996,-6.158333333333336,59.50422192116073,2021-06-01
19,JAKARTA BARAT,7,2021,106.74999999999996,-6.158333333333336,62.782235388741555,2021-07-01
22,JAKARTA BARAT,8,2021,106.74999999999996,-6.158333333333336,63.65226924111163,2021-08-01
25,JAKARTA BARAT,9,2021,106.74999999999996,-6.158333333333336,57.234406720180914,2021-09-01
28,JAKARTA BARAT,10,2021,106.74999999999996,-6.158333333333336,60.19103756058352,2021-10-01
31,JAKARTA BARAT,11,2021,106.74999999999996,-6.158333333333336,40.761925478428196,2021-11-01
34,JAKARTA BARAT,12,2021,106.74999999999996,-6.158333333333336,42.6893768857968,2021-12-01
37,JAKARTA PUSAT,1,2021,106.84999999999997,-6.200000000000003,40.17870171087643,2021-01-01
40,JAKARTA PUSAT,2,2021,106.84999999999997,-6.200000000000003,38.09197954988507,2021-02-01
43,JAKARTA PUSAT,3,2021,106.84999999999997,-6.200000000000003,47.97457590891931,2021-03-01
46,JAKARTA PUSAT,4,2021,106.84999999999997,-6.200000000000003,61.49780557980997,2021-04-01
49,JAKARTA PUSAT,5,2021,106.84999999999997,-6.200000000000003,65.18109853933267,2021-05-01
52,JAKARTA PUSAT,6,2021,106.84999999999997,-6.200000000000003,60.50684868104948,2021-06-01
55,JAKARTA PUSAT,7,2021,106.84999999999997,-6.200000000000003,63.25307863856383,2021-07-01
58,JAKARTA PUSAT,8,2021,106.84999999999997,-6.200000000000003,63.65321183921112,2021-08-01
61,JAKARTA PUSAT,9,2021,106.84999999999997,-6.200000000000003,57.55683722223269,2021-09-01
64,JAKARTA PUSAT,10,2021,106.84999999999997,-6.200000000000003,60.91177882675996,2021-10-01
67,JAKARTA PUSAT,11,2021,106.84999999999997,-6.200000000000003,42.553280135137925,2021-11-01
70,JAKARTA PUSAT,12,2021,106.84999999999997,-6.200000000000003,44.47647510730224,2021-12-01
73,JAKARTA SELATAN,1,2021,106.8083333333333,-6.283333333333336,41.806706950629774,2021-01-01
76,JAKARTA SELATAN,2,2021,106.8083333333333,-6.283333333333336,39.51856382380618,2021-02-01
79,JAKARTA SELATAN,3,2021,106.8083333333333,-6.283333333333336,49.68305248937467,2021-03-01
82,JAKARTA SELATAN,4,2021,106.8083333333333,-6.283333333333336,64.11036947737466,2021-04-01
85,JAKARTA SELATAN,5,2021,106.8083333333333,-6.283333333333336,69.3018236278919,2021-05-01
88,JAKARTA SELATAN,6,2021,106.8083333333333,-6.283333333333336,64.02475029649415,2021-06-01
91,JAKARTA SELATAN,7,2021,106.8083333333333,-6.283333333333336,67.68742166269483,2021-07-01
94,JAKARTA SELATAN,8,2021,106.8083333333333,-6.283333333333336,67.48722358235925,2021-08-01
97,JAKARTA SELATAN,9,2021,106.8083333333333,-6.283333333333336,60.489308063078816,2021-09-01
100,JAKARTA SELATAN,10,2021,106.8083333333333,-6.283333333333336,63.0986094170749,2021-10-01
103,JAKARTA SELATAN,11,2021,106.8083333333333,-6.283333333333336,43.85942539893593,2021-11-01
106,JAKARTA SELATAN,12,2021,106.8083333333333,-6.283333333333336,45.70104759272248,2021-12-01
109,JAKARTA TIMUR,1,2021,106.90999999999997,-6.2600000000000025,41.41610012572031,2021-01-01
112,JAKARTA TIMUR,2,2021,106.90999999999997,-6.2600000000000025,39.0809438558885,2021-02-01
115,JAKARTA TIMUR,3,2021,106.90999999999997,-6.2600000000000025,49.290199373312184,2021-03-01
118,JAKARTA TIMUR,4,2021,106.90999999999997,-6.2600000000000025,62.542514311777516,2021-04-01
121,JAKARTA TIMUR,5,2021,106.90999999999997,-6.2600000000000025,66.18750581329508,2021-05-01
124,JAKARTA TIMUR,6,2021,106.90999999999997,-6.2600000000000025,61.391554564713104,2021-06-01
127,JAKARTA TIMUR,7,2021,106.90999999999997,-6.2600000000000025,63.950001215101295,2021-07-01
130,JAKARTA TIMUR,8,2021,106.90999999999997,-6.2600000000000025,63.66687716408287,2021-08-01
133,JAKARTA TIMUR,9,2021,106.90999999999997,-6.2600000000000025,57.63515105587292,2021-09-01
136,JAKARTA TIMUR,10,2021,106.90999999999997,-6.2600000000000025,60.95969722689667,2021-10-01
139,JAKARTA TIMUR,11,2021,106.90999999999997,-6.2600000000000025,43.724863690641584,2021-11-01
142,JAKARTA TIMUR,12,2021,106.90999999999997,-6.2600000000000025,45.59658106861855,2021-12-01
145,JAKARTA UTARA,1,2021,106.89166666666664,-6.1250000000000036,38.16883284201037,2021-01-01
148,JAKARTA UTARA,2,2021,106.89166666666664,-6.1250000000000036,36.3420534298264,2021-02-01
151,JAKARTA UTARA,3,2021,106.89166666666664,-6.1250000000000036,45.552221868108404,2021-03-01
154,JAKARTA UTARA,4,2021,106.89166666666664,-6.1250000000000036,57.99438752044778,2021-04-01
157,JAKARTA UTARA,5,2021,106.89166666666664,-6.1250000000000036,60.373464643407495,2021-05-01
160,JAKARTA UTARA,6,2021,106.89166666666664,-6.1250000000000036,56.286821479290886,2021-06-01
163,JAKARTA UTARA,7,2021,106.89166666666664,-6.1250000000000036,58.248720535344056,2021-07-01
166,JAKARTA UTARA,8,2021,106.89166666666664,-6.1250000000000036,59.06121635411725,2021-08-01
169,JAKARTA UTARA,9,2021,106.89166666666664,-6.1250000000000036,53.791922215318046,2021-09-01
172,JAKARTA UTARA,10,2021,106.89166666666664,-6.1250000000000036,57.72457516033962,2021-10-01
175,JAKARTA UTARA,11,2021,106.89166666666664,-6.1250000000000036,40.64952744877962,2021-11-01
178,JAKARTA UTARA,12,2021,106.89166666666664,-6.1250000000000036,42.55326624106687,2021-12-01
2,JAKARTA BARAT,1,2022,106.74999999999996,-6.158333333333336,40.90713125817418,2022-01-01
5,JAKARTA BARAT,2,2022,106.74999999999996,-6.158333333333336,43.45432009284525,2022-02-01
8,JAKARTA BARAT,3,2022,106.74999999999996,-6.158333333333336,48.80647194492699,2022-03-01
11,JAKARTA BARAT,4,2022,106.74999999999996,-6.158333333333336,52.90078106530845,2022-04-01
14,JAKARTA BARAT,5,2022,106.74999999999996,-6.158333333333336,58.32538483198181,2022-05-01
17,JAKARTA BARAT,6,2022,106.74999999999996,-6.158333333333336,63.35976657704594,2022-06-01
20,JAKARTA BARAT,7,2022,106.74999999999996,-6.158333333333336,63.042980759715135,2022-07-01
23,JAKARTA BARAT,8,2022,106.74999999999996,-6.158333333333336,65.0149471109137,2022-08-01
26,JAKARTA BARAT,9,2022,106.74999999999996,-6.158333333333336,64.44288414305281,2022-09-01
29,JAKARTA BARAT,10,2022,106.74999999999996,-6.158333333333336,50.67775292842787,2022-10-01
32,JAKARTA BARAT,11,2022,106.74999999999996,-6.158333333333336,47.2060483162426,2022-11-01
35,JAKARTA BARAT,12,2022,106.74999999999996,-6.158333333333336,39.09523577020662,2022-12-01
38,JAKARTA PUSAT,1,2022,106.84999999999997,-6.200000000000003,42.58204522026656,2022-01-01
41,JAKARTA PUSAT,2,2022,106.84999999999997,-6.200000000000003,45.01013937859475,2022-02-01
44,JAKARTA PUSAT,3,2022,106.84999999999997,-6.200000000000003,50.82232929609614,2022-03-01
47,JAKARTA PUSAT,4,2022,106.84999999999997,-6.200000000000003,54.61809863049916,2022-04-01
50,JAKARTA PUSAT,5,2022,106.84999999999997,-6.200000000000003,59.80001694420463,2022-05-01
53,JAKARTA PUSAT,6,2022,106.84999999999997,-6.200000000000003,64.61928670376062,2022-06-01
56,JAKARTA PUSAT,7,2022,106.84999999999997,-6.200000000000003,63.80662168699895,2022-07-01
59,JAKARTA PUSAT,8,2022,106.84999999999997,-6.200000000000003,65.2351581583366,2022-08-01
62,JAKARTA PUSAT,9,2022,106.84999999999997,-6.200000000000003,64.9306246221699,2022-09-01
65,JAKARTA PUSAT,10,2022,106.84999999999997,-6.200000000000003,52.23613099995365,2022-10-01
68,JAKARTA PUSAT,11,2022,106.84999999999997,-6.200000000000003,48.89824338623804,2022-11-01
71,JAKARTA PUSAT,12,2022,106.84999999999997,-6.200000000000003,40.74392069360502,2022-12-01
74,JAKARTA SELATAN,1,2022,106.8083333333333,-6.283333333333336,43.86629603016038,2022-01-01
77,JAKARTA SELATAN,2,2022,106.8083333333333,-6.283333333333336,46.59692387992052,2022-02-01
80,JAKARTA SELATAN,3,2022,106.8083333333333,-6.283333333333336,52.105930138387016,2022-03-01
83,JAKARTA SELATAN,4,2022,106.8083333333333,-6.283333333333336,56.77094467612966,2022-04-01
86,JAKARTA SELATAN,5,2022,106.8083333333333,-6.283333333333336,62.788303973388686,2022-05-01
89,JAKARTA SELATAN,6,2022,106.8083333333333,-6.283333333333336,67.9053808417945,2022-06-01
92,JAKARTA SELATAN,7,2022,106.8083333333333,-6.283333333333336,67.99453154589783,2022-07-01
95,JAKARTA SELATAN,8,2022,106.8083333333333,-6.283333333333336,69.51203761238338,2022-08-01
98,JAKARTA SELATAN,9,2022,106.8083333333333,-6.283333333333336,67.64859977748173,2022-09-01
101,JAKARTA SELATAN,10,2022,106.8083333333333,-6.283333333333336,53.80438179313084,2022-10-01
104,JAKARTA SELATAN,11,2022,106.8083333333333,-6.283333333333336,50.15735798918871,2022-11-01
107,JAKARTA SELATAN,12,2022,106.8083333333333,-6.283333333333336,41.6131503551868,2022-12-01
110,JAKARTA TIMUR,1,2022,106.90999999999997,-6.2600000000000025,43.82183341059902,2022-01-01
113,JAKARTA TIMUR,2,2022,106.90999999999997,-6.2600000000000025,46.182164092319475,2022-02-01
116,JAKARTA TIMUR,3,2022,106.90999999999997,-6.2600000000000025,52.09488719415374,2022-03-01
119,JAKARTA TIMUR,4,2022,106.90999999999997,-6.2600000000000025,55.77670949108453,2022-04-01
122,JAKARTA TIMUR,5,2022,106.90999999999997,-6.2600000000000025,60.884886688465734,2022-05-01
125,JAKARTA TIMUR,6,2022,106.90999999999997,-6.2600000000000025,65.50830676133123,2022-06-01
128,JAKARTA TIMUR,7,2022,106.90999999999997,-6.2600000000000025,64.63948539211256,2022-07-01
131,JAKARTA TIMUR,8,2022,106.90999999999997,-6.2600000000000025,65.47173383116619,2022-08-01
134,JAKARTA TIMUR,9,2022,106.90999999999997,-6.2600000000000025,64.92452798608504,2022-09-01
137,JAKARTA TIMUR,10,2022,106.90999999999997,-6.2600000000000025,52.89946362833473,2022-10-01
140,JAKARTA TIMUR,11,2022,106.90999999999997,-6.2600000000000025,49.73231258439029,2022-11-01
143,JAKARTA TIMUR,12,2022,106.90999999999997,-6.2600000000000025,41.678377940297885,2022-12-01
146,JAKARTA UTARA,1,2022,106.89166666666664,-6.1250000000000036,40.76400269386533,2022-01-01
149,JAKARTA UTARA,2,2022,106.89166666666664,-6.1250000000000036,42.87336522344912,2022-02-01
152,JAKARTA UTARA,3,2022,106.89166666666664,-6.1250000000000036,48.76107413447829,2022-03-01
155,JAKARTA UTARA,4,2022,106.89166666666664,-6.1250000000000036,51.73594371083529,2022-04-01
158,JAKARTA UTARA,5,2022,106.89166666666664,-6.1250000000000036,56.0144364728886,2022-05-01
161,JAKARTA UTARA,6,2022,106.89166666666664,-6.1250000000000036,60.46234191043472,2022-06-01
164,JAKARTA UTARA,7,2022,106.89166666666664,-6.1250000000000036,58.9461579518051,2022-07-01
167,JAKARTA UTARA,8,2022,106.89166666666664,-6.1250000000000036,60.172356888761044,2022-08-01
170,JAKARTA UTARA,9,2022,106.89166666666664,-6.1250000000000036,61.18595596799778,2022-09-01
173,JAKARTA UTARA,10,2022,106.89166666666664,-6.1250000000000036,49.7260684125443,2022-10-01
176,JAKARTA UTARA,11,2022,106.89166666666664,-6.1250000000000036,46.806575919846885,2022-11-01
179,JAKARTA UTARA,12,2022,106.89166666666664,-6.1250000000000036,39.19532022105745,2022-12-01
